demand_id,vehicle_id,vehicle_no,depot,request_time,assigned_time,pickup_time,dropoff_time,call_waiting_time,pickup_waiting_time,service_travel_time,total_trip_time,work_start,work_end,actual_work_hours,pickup_node_id,dropoff_node_id,pickup_x,pickup_y,dropoff_x,dropoff_y,pickup_depot_name,dropoff_depot_name
PREV_DAY_22_16_2300,16,76보5227,봉담차고지,23:00:00,,,01:02:00,0.0,0.0,0.0,122.0,21:00:00,06:00:00,7.0,,,,,,,,
PREV_DAY_22_26_2300,26,70보5630,남양차고지,23:00:00,,,01:02:00,0.0,0.0,0.0,122.0,21:00:00,06:00:00,8.0,,,,,,,,
PREV_DAY_22_42_2300,42,714머8671,향남차고지,23:00:00,,,01:02:00,0.0,0.0,0.0,122.0,21:00:00,06:00:00,8.0,,,,,,,,
CL0000002333_june23_004,61,728루4736,봉담차고지,06:01:34,06:01:34,06:21:35,07:11:28,0.0,20.016666666666666,49.88333333333333,69.9,06:00:00,15:00:00,8.5,211927.0,329781.0,126.960830905064,37.21434046166237,127.04353616741344,37.21542089963416,봉담차고지,병점차고지
CL0000051239_june23_015,30,70우6250,동탄차고지,07:11:26,07:11:26,07:17:11,07:24:40,0.0,5.75,7.483333333333333,13.233333333333333,06:00:00,15:00:00,8.5,331148.0,329971.0,127.0796456964893,37.21713985119504,127.05761867871256,37.212623512409394,동탄차고지,동탄차고지
CL0000000856_june23_008,39,714머8653,동탄차고지,07:00:05,07:00:05,07:03:51,07:31:54,0.0,3.7666666666666666,28.05,31.816666666666666,06:00:00,15:00:00,8.0,329852.0,337479.0,127.07265088363738,37.19486211967263,127.1036398006444,37.40242741538236,동탄차고지,
CL0000038494_june23_010,61,728루4736,봉담차고지,07:00:14,07:11:28,07:24:30,07:35:21,11.233333333333333,13.033333333333333,10.85,35.11666666666667,06:00:00,15:00:00,8.5,329496.0,330973.0,127.07201251232593,37.20515962086177,127.06033944594466,37.17217122280663,동탄차고지,
CL0000048580_june23_012,12,76보5210,향남차고지,07:00:52,07:00:52,07:16:43,07:36:09,0.0,15.85,19.433333333333334,35.28333333333333,06:00:00,15:00:00,8.5,196391.0,210937.0,126.82273105965524,37.08820229579084,126.91479549580048,37.12589877027646,향남차고지,향남차고지
CL0000026760_june23_007,27,70보5604,동탄차고지,07:00:05,07:00:05,07:12:34,07:38:18,0.0,12.483333333333333,25.733333333333334,38.21666666666667,06:00:00,15:00:00,8.0,212126.0,336564.0,126.96886808501388,37.21703837628407,127.11484300604116,37.35967096976985,봉담차고지,
CL0000006836_june23_009,46,728루4752,향남차고지,07:00:12,07:00:12,07:16:29,07:38:46,0.0,16.283333333333335,22.283333333333335,38.56666666666667,06:00:00,15:00:00,8.0,604613.0,604668.0,126.83015572383589,37.21495263040702,126.81300887795982,37.29997177301625,남양차고지,
CL0000002389_june23_005,51,728루4756,병점차고지,06:40:04,06:40:04,07:27:51,07:46:13,0.0,47.78333333333333,18.366666666666667,66.15,06:00:00,15:00:00,8.0,582050.0,581955.0,126.95810432760872,37.21883813192343,126.92153069647748,37.13715391512689,봉담차고지,향남차고지
CL0000007442_june23_017,47,728루4759,향남차고지,07:15:00,07:15:00,07:27:24,07:49:18,0.0,12.4,21.9,34.3,06:00:00,15:00:00,8.0,211802.0,587156.0,126.94822475020818,37.2237861323631,127.11234935773145,37.16146526008021,봉담차고지,동탄차고지
CL0000001467_june23_002,23,70보5601,향남차고지,05:01:34,06:00:00,07:31:53,07:53:16,58.43333333333333,91.88333333333334,21.383333333333333,171.7,06:00:00,15:00:00,8.5,211121.0,605497.0,126.99601597197126,37.09442771675607,126.91095433254176,37.11303819227389,향남차고지,향남차고지
CL0000006025_june23_022,30,70우6250,동탄차고지,07:30:21,07:30:21,07:32:46,07:59:11,0.0,2.4166666666666665,26.416666666666668,28.833333333333332,06:00:00,15:00:00,8.5,614352.0,553210.0,127.12341336021288,37.16661164391269,126.9214790433246,37.13795515539531,동탄차고지,향남차고지
CL0000015486_june23_006,59,728루4739,병점차고지,06:59:15,06:59:15,07:45:14,08:02:27,0.0,45.983333333333334,17.216666666666665,63.2,06:00:00,15:00:00,8.0,212072.0,333630.0,126.9600855073618,37.21744666249897,127.03486065143314,37.27818676411697,봉담차고지,
CL0000047383_june23_013,61,728루4736,봉담차고지,07:01:20,07:35:21,07:38:16,08:04:14,34.016666666666666,2.9166666666666665,25.966666666666665,62.9,06:00:00,15:00:00,8.5,212071.0,352297.0,126.95870546399298,37.21630034903266,127.148786346761,37.271604963394616,봉담차고지,
CL0000004488_june23_011,39,714머8653,동탄차고지,07:00:37,07:31:54,07:46:20,08:05:16,31.283333333333335,14.433333333333334,18.933333333333334,64.65,06:00:00,15:00:00,8.0,212040.0,335626.0,126.94754358084955,37.21812727608269,127.04284379430746,37.299444985796086,봉담차고지,
CL0000020169_june23_018,38,714머8669,동탄차고지,07:19:14,07:19:14,07:48:26,08:09:23,0.0,29.2,20.95,50.15,06:00:00,15:00:00,8.0,581194.0,553210.0,126.84220459261564,37.20205256219548,126.9214790433246,37.13795515539531,남양차고지,향남차고지
CL0000002146_june23_026,47,728루4759,향남차고지,07:33:45,07:49:18,07:49:22,08:09:23,15.55,0.06666666666666667,20.016666666666666,35.63333333333333,06:00:00,15:00:00,8.0,581955.0,581173.0,126.92153069647748,37.13715391512689,126.82595991734436,37.19804658647104,향남차고지,남양차고지
CL0000007765_june23_028,30,70우6250,동탄차고지,07:38:06,07:59:11,08:01:46,08:18:14,21.083333333333332,2.5833333333333335,16.466666666666665,40.13333333333333,06:00:00,15:00:00,8.5,613420.0,612901.0,127.11811324303994,37.183430888424056,127.10968745782364,37.16159418702678,동탄차고지,동탄차고지
CL0000030833_june23_023,12,76보5210,향남차고지,07:30:22,07:36:09,07:56:16,08:21:16,5.783333333333333,20.116666666666667,25.0,50.9,06:00:00,15:00:00,8.5,613151.0,553210.0,127.11201004148316,37.183503962065465,126.9214790433246,37.13795515539531,동탄차고지,향남차고지
CL0000005963_june23_003,6,71머4610,향남차고지,05:22:57,06:00:00,07:39:05,08:21:26,37.05,99.08333333333333,42.35,178.48333333333332,06:00:00,15:00:00,8.0,581126.0,199233.0,126.79711442675784,37.11345121783386,126.82543978922315,37.318821644616825,향남차고지,
CL0000003971_june23_024,51,728루4756,병점차고지,07:30:27,07:46:13,07:55:28,08:21:53,15.766666666666667,9.25,26.416666666666668,51.43333333333333,06:00:00,15:00:00,8.0,614352.0,553210.0,127.12341336021288,37.16661164391269,126.9214790433246,37.13795515539531,동탄차고지,향남차고지
CL0000045065_june23_014,27,70보5604,동탄차고지,07:05:57,07:38:18,07:42:12,08:26:26,32.35,3.9,44.233333333333334,80.48333333333333,06:00:00,15:00:00,8.0,329371.0,343037.0,127.06849041235353,37.19127404268696,127.03356552489625,37.527472953842384,동탄차고지,
CL0000046348_june23_001,3,77라9904,병점차고지,02:27:48,06:00:00,07:05:51,08:27:18,212.2,65.85,81.45,359.5,06:00:00,17:00:00,10.0,588296.0,180783.0,127.14634734777164,37.19200892302055,126.45087113061236,37.447669694536295,동탄차고지,
CL0000005251_june23_034,8,73두0130,병점차고지,08:01:52,08:01:52,08:14:43,08:31:29,0.0,12.85,16.766666666666666,29.616666666666667,08:00:00,17:00:00,8.5,329764.0,562079.0,127.04726730643674,37.21162756175963,127.03572608270257,37.20692274986452,병점차고지,병점차고지
CL0000038142_june23_041,21,76보5248,향남차고지,08:13:59,08:13:59,08:20:59,08:32:49,0.0,7.0,11.833333333333334,18.833333333333332,08:00:00,17:00:00,8.0,211179.0,581955.0,126.9167028539976,37.12970181329941,126.92153069647748,37.13715391512689,향남차고지,향남차고지
CL0000008950_june23_033,7,71머4612,동탄차고지,08:00:43,08:00:43,08:13:45,08:33:38,0.0,13.033333333333333,19.883333333333333,32.916666666666664,08:00:00,19:00:00,10.0,587580.0,331148.0,127.1004822335056,37.19756676503015,127.0796456964893,37.21713985119504,동탄차고지,동탄차고지
CL0000049063_june23_035,5,77라9906,향남차고지,08:02:12,08:02:12,08:21:26,08:45:30,0.0,19.233333333333334,24.066666666666666,43.3,08:00:00,17:00:00,8.0,553064.0,581955.0,126.90969315899254,37.11497732485407,126.92153069647748,37.13715391512689,향남차고지,향남차고지
CL0000023008_june23_040,40,714머8660,병점차고지,08:13:10,08:13:10,08:21:23,08:46:12,0.0,8.216666666666667,24.816666666666666,33.03333333333333,08:00:00,19:00:00,10.5,587544.0,329439.0,127.03893366486568,37.199794944471456,127.06022610219296,37.21178625994256,병점차고지,동탄차고지
CL0000021575_june23_052,51,728루4756,병점차고지,08:35:09,08:35:09,08:39:44,08:48:44,0.0,4.583333333333333,9.0,13.583333333333334,06:00:00,15:00:00,8.0,328580.0,328375.0,127.04037600951082,37.20891755474821,127.0374487183392,37.2127850542673,병점차고지,병점차고지
CL0000013586_june23_044,41,714머8673,병점차고지,08:20:26,08:20:26,08:34:59,08:55:50,0.0,14.55,20.85,35.4,08:00:00,17:00:00,8.5,329096.0,331148.0,127.04909514436578,37.21386803426587,127.0796456964893,37.21713985119504,병점차고지,동탄차고지
CL0000003676_june23_056,14,76보5216,동탄차고지,08:41:30,08:41:30,08:50:08,08:57:07,0.0,8.633333333333333,6.983333333333333,15.616666666666667,08:00:00,20:00:00,11.0,613243.0,587626.0,127.11454862420788,37.17487823037695,127.10711590281215,37.17606787597767,동탄차고지,동탄차고지
CL0000042606_june23_049,6,71머4610,향남차고지,08:32:53,08:32:53,08:46:15,09:00:18,0.0,13.366666666666667,14.05,27.416666666666668,06:00:00,15:00:00,8.0,582012.0,211358.0,126.9283467416453,37.12647865820564,126.9228488812135,37.13141622630118,향남차고지,향남차고지
CL0000007614_june23_037,35,714머8664,봉담차고지,08:04:05,08:04:05,08:12:29,09:07:55,0.0,8.4,55.43333333333333,63.833333333333336,08:00:00,19:00:00,10.0,212388.0,581955.0,126.94513837372756,37.21727528155623,126.92153069647748,37.13715391512689,봉담차고지,향남차고지
CL0000017497_june23_047,53,728루4751,병점차고지,08:26:19,08:26:19,08:38:09,09:08:45,0.0,11.833333333333334,30.6,42.43333333333333,08:00:00,18:00:00,9.0,328719.0,331576.0,127.03930652505446,37.215947923055374,127.02176427254068,37.25592847028432,병점차고지,
CL0000040020_june23_051,48,728루4750,병점차고지,08:34:06,08:34:06,08:48:39,09:09:30,0.0,14.55,20.85,35.4,08:00:00,14:00:00,5.0,329096.0,331148.0,127.04909514436578,37.21386803426587,127.0796456964893,37.21713985119504,병점차고지,동탄차고지
CL0000013576_june23_055,7,71머4612,동탄차고지,08:38:58,08:38:58,08:58:08,09:13:16,0.0,19.166666666666668,15.133333333333333,34.3,08:00:00,19:00:00,10.0,330614.0,587626.0,127.06975209157044,37.1941098035657,127.10711590281215,37.17606787597767,동탄차고지,동탄차고지
CL0000027691_june23_057,40,714머8660,병점차고지,08:47:21,08:47:21,09:00:38,09:16:04,0.0,13.283333333333333,15.433333333333334,28.716666666666665,08:00:00,19:00:00,10.5,587447.0,331148.0,127.04181640885967,37.21628387918452,127.0796456964893,37.21713985119504,병점차고지,동탄차고지
CL0000038183_june23_063,14,76보5216,동탄차고지,09:07:58,09:07:58,09:12:53,09:19:55,0.0,4.916666666666667,7.033333333333333,11.95,08:00:00,20:00:00,11.0,613323.0,587626.0,127.10928353356468,37.18209392955506,127.10711590281215,37.17606787597767,동탄차고지,동탄차고지
CL0000005469_june23_050,8,73두0130,병점차고지,08:33:42,08:33:42,08:37:41,09:22:28,0.0,3.9833333333333334,44.78333333333333,48.766666666666666,08:00:00,17:00:00,8.5,330096.0,613069.0,127.03810811994448,37.20842340631171,127.10669653032684,37.165980129529295,병점차고지,동탄차고지
CL0000033976_june23_031,31,70우6254,향남차고지,07:51:57,08:00:00,09:15:57,09:23:39,8.05,75.95,7.7,91.7,08:00:00,17:00:00,8.0,552161.0,196998.0,126.83226798261808,37.218437208456905,126.82991470218629,37.20243430121198,남양차고지,남양차고지
CL0000013440_june23_039,58,728루4726,봉담차고지,08:12:06,08:12:06,08:24:34,09:30:58,0.0,12.466666666666667,66.4,78.86666666666666,08:00:00,17:00:00,8.0,212335.0,553210.0,126.95968537194469,37.218517435477246,126.9214790433246,37.13795515539531,봉담차고지,향남차고지
CL0000028564_june23_053,59,728루4739,병점차고지,08:35:25,08:35:25,08:51:25,09:34:46,0.0,16.0,43.35,59.35,06:00:00,15:00:00,8.0,329879.0,587626.0,127.049332511545,37.22128805352719,127.10711590281215,37.17606787597767,병점차고지,동탄차고지
CL0000003430_june23_038,17,76보5240,병점차고지,08:05:27,08:05:27,08:16:48,09:35:18,0.0,11.35,78.5,89.85,08:00:00,19:00:00,10.0,328734.0,553210.0,127.04837879276964,37.21019463365697,126.9214790433246,37.13795515539531,병점차고지,향남차고지
CL0000016617_june23_066,20,76보5243,동탄차고지,09:13:03,09:13:03,09:20:06,09:36:04,0.0,7.05,15.966666666666667,23.016666666666666,08:00:00,17:00:00,8.0,329863.0,587156.0,127.07419401888616,37.19172282879922,127.11234935773145,37.16146526008021,동탄차고지,동탄차고지
CL0000004022_june23_048,3,77라9904,병점차고지,08:30:44,08:30:44,09:09:02,09:41:10,0.0,38.3,32.13333333333333,70.43333333333334,06:00:00,17:00:00,10.0,582097.0,613344.0,126.96193602302924,37.21595687777715,127.08592202432608,37.18798640252451,봉담차고지,동탄차고지
CL0000005159_june23_032,33,714머8648,봉담차고지,07:58:13,08:00:00,08:07:27,09:42:10,1.7833333333333334,7.45,94.71666666666667,103.95,08:00:00,17:00:00,8.0,212317.0,604612.0,126.94932997334728,37.21764165805308,126.82446190253827,37.2123705904726,봉담차고지,남양차고지
CL0000042691_june23_042,28,70보5610,향남차고지,08:16:20,08:16:20,09:11:02,09:43:18,0.0,54.7,32.266666666666666,86.96666666666667,08:00:00,20:00:00,11.0,581897.0,581955.0,126.89617376219718,37.07590706544515,126.92153069647748,37.13715391512689,향남차고지,향남차고지
CL0000029969_june23_062,6,71머4610,향남차고지,09:03:55,09:03:55,09:39:15,09:46:13,0.0,35.333333333333336,6.966666666666667,42.3,06:00:00,15:00:00,8.0,197001.0,604612.0,126.82750332244424,37.20211565115581,126.82446190253827,37.2123705904726,남양차고지,남양차고지
CL0000038045_june23_043,52,728루4755,남양차고지,08:19:20,08:19:20,08:33:31,09:46:36,0.0,14.183333333333334,73.08333333333333,87.26666666666667,08:00:00,19:00:00,10.0,196939.0,581955.0,126.82927635288084,37.18944814659277,126.92153069647748,37.13715391512689,남양차고지,향남차고지
CL0000008623_june23_045,61,728루4736,봉담차고지,08:22:05,08:22:05,08:45:57,09:52:40,0.0,23.866666666666667,66.71666666666667,90.58333333333333,06:00:00,15:00:00,8.5,212094.0,581955.0,126.97753824312431,37.21555995180653,126.92153069647748,37.13715391512689,봉담차고지,향남차고지
CL0000042606_june23_077,6,71머4610,향남차고지,09:46:39,09:46:39,09:49:07,09:58:39,0.0,2.466666666666667,9.533333333333333,12.0,06:00:00,15:00:00,8.0,211358.0,582012.0,126.9228488812135,37.13141622630118,126.9283467416453,37.12647865820564,향남차고지,향남차고지
CL0000004708_june23_070,7,71머4612,동탄차고지,09:35:44,09:35:44,09:44:36,09:59:01,0.0,8.866666666666667,14.416666666666666,23.283333333333335,08:00:00,19:00:00,10.0,329370.0,587626.0,127.06912237975436,37.19111959712519,127.10711590281215,37.17606787597767,동탄차고지,동탄차고지
CL0000026476_june23_061,27,70보5604,동탄차고지,09:01:31,09:01:31,09:19:15,10:01:10,0.0,17.733333333333334,41.916666666666664,59.65,06:00:00,15:00:00,8.0,329094.0,336933.0,127.04819319457916,37.21451851293419,127.10053255410396,37.35729894535983,병점차고지,
CL0000038180_june23_076,28,70보5610,향남차고지,09:43:21,09:43:21,09:50:56,10:03:26,0.0,7.583333333333333,12.5,20.083333333333332,08:00:00,20:00:00,11.0,553111.0,581955.0,126.91643338445849,37.11874176516669,126.92153069647748,37.13715391512689,향남차고지,향남차고지
CL0000028665_june23_073,14,76보5216,동탄차고지,09:38:51,09:38:51,09:48:26,10:03:34,0.0,9.583333333333334,15.133333333333333,24.716666666666665,08:00:00,20:00:00,11.0,330614.0,587626.0,127.06975209157044,37.1941098035657,127.10711590281215,37.17606787597767,동탄차고지,동탄차고지
CL0000004798_june23_046,62,728루4746,봉담차고지,08:25:15,08:25:15,09:20:59,10:07:31,0.0,55.733333333333334,46.53333333333333,102.26666666666667,08:00:00,19:00:00,10.0,211410.0,581955.0,126.87507499237437,37.24353611529062,126.92153069647748,37.13715391512689,봉담차고지,향남차고지
CL0000041613_june23_078,8,73두0130,병점차고지,09:47:33,09:47:33,09:54:37,10:14:24,0.0,7.066666666666666,19.783333333333335,26.85,08:00:00,17:00:00,8.5,329077.0,212238.0,127.0102252639422,37.206555385588224,126.95044452846363,37.21539384146524,병점차고지,봉담차고지
CL0000001072_june23_074,3,77라9904,병점차고지,09:41:32,09:41:32,09:49:07,10:15:05,0.0,7.583333333333333,25.966666666666665,33.55,06:00:00,17:00:00,10.0,328566.0,334910.0,127.00911276758882,37.20996477118594,127.07427328754063,37.25600564941309,병점차고지,
CL0000030774_june23_081,20,76보5243,동탄차고지,09:56:33,09:56:33,10:03:37,10:15:53,0.0,7.066666666666666,12.266666666666667,19.333333333333332,08:00:00,17:00:00,8.0,613377.0,562484.0,127.09618893471448,37.20069917975936,127.0879759793076,37.20975684996581,동탄차고지,동탄차고지
CL0000039067_june23_068,31,70우6254,향남차고지,09:27:53,09:27:53,09:51:13,10:16:02,0.0,23.333333333333332,24.816666666666666,48.15,08:00:00,17:00:00,8.0,196279.0,210618.0,126.86317628774644,37.13925095082437,126.91029295740636,37.13128954003405,향남차고지,향남차고지
CL0000031085_june23_058,41,714머8673,병점차고지,08:56:15,08:56:15,09:24:37,10:16:24,0.0,28.366666666666667,51.78333333333333,80.15,08:00:00,17:00:00,8.5,211821.0,197525.0,126.98332494207392,37.19066636096073,126.86293343758749,37.29357594039926,봉담차고지,
CL0000001029_june23_036,34,714머8662,병점차고지,08:02:35,08:02:35,09:48:10,10:19:45,0.0,105.58333333333333,31.583333333333332,137.16666666666666,08:00:00,17:00:00,8.5,198623.0,214849.0,126.82121706720132,37.29173802162436,126.87366863581074,37.31629664469536,남양차고지,
CL0000039802_june23_071,56,726도7242,향남차고지,09:35:55,09:35:55,09:40:22,10:25:14,0.0,4.45,44.86666666666667,49.31666666666667,08:00:00,17:00:00,8.0,210618.0,581126.0,126.91029295740636,37.13128954003405,126.79711442675784,37.11345121783386,향남차고지,향남차고지
CL0000039802_june23_030,29,70보5603,남양차고지,07:49:36,08:00:00,09:41:17,10:26:09,10.4,101.28333333333333,44.86666666666667,156.55,08:00:00,19:00:00,10.0,581126.0,210618.0,126.79711442675784,37.11345121783386,126.91029295740636,37.13128954003405,향남차고지,향남차고지
CL0000016487_june23_064,21,76보5248,향남차고지,09:08:14,09:08:14,09:45:12,10:26:57,0.0,36.96666666666667,41.75,78.71666666666667,08:00:00,17:00:00,8.0,581195.0,553210.0,126.83966932267944,37.20386617775945,126.9214790433246,37.13795515539531,남양차고지,향남차고지
CL0000010045_june23_083,17,76보5240,병점차고지,09:59:39,09:59:39,10:07:28,10:28:05,0.0,7.816666666666666,20.616666666666667,28.433333333333334,08:00:00,19:00:00,10.0,329235.0,330127.0,127.00669109486442,37.20171181885416,127.0326690465142,37.20472017367815,병점차고지,병점차고지
CL0000038564_june23_069,53,728루4751,병점차고지,09:33:44,09:33:44,09:42:30,10:28:51,0.0,8.766666666666667,46.35,55.11666666666667,08:00:00,18:00:00,9.0,331111.0,211412.0,127.02548603137656,37.23624212251454,126.87405915256925,37.23127553552384,,봉담차고지
CL0000031318_june23_067,47,728루4759,향남차고지,09:20:58,09:20:58,09:38:14,10:32:02,0.0,17.266666666666666,53.8,71.06666666666666,06:00:00,15:00:00,8.0,582007.0,329779.0,126.90640985935904,37.10031760542456,127.0437152437465,37.215506776420014,향남차고지,병점차고지
CL0000051029_june23_060,5,77라9906,향남차고지,08:59:18,08:59:18,10:15:14,10:33:56,0.0,75.93333333333334,18.7,94.63333333333334,08:00:00,17:00:00,8.0,552161.0,197153.0,126.83226798261808,37.218437208456905,126.85802369603093,37.22684816344166,남양차고지,봉담차고지
CL0000023430_june23_054,12,76보5210,향남차고지,08:35:41,08:35:41,10:01:16,10:35:17,0.0,85.58333333333333,34.016666666666666,119.6,06:00:00,15:00:00,8.5,581123.0,195732.0,126.79730746888322,37.114258211317605,126.81666154753292,37.08188913462668,향남차고지,향남차고지
CL0000040020_june23_082,30,70우6250,동탄차고지,09:58:18,09:58:18,10:11:43,10:36:47,0.0,13.416666666666666,25.066666666666666,38.483333333333334,06:00:00,15:00:00,8.5,331148.0,329781.0,127.0796456964893,37.21713985119504,127.04353616741344,37.21542089963416,동탄차고지,병점차고지
CL0000002973_june23_065,32,714머8656,향남차고지,09:09:38,09:09:38,09:52:34,10:37:26,0.0,42.93333333333333,44.86666666666667,87.8,08:00:00,17:00:00,8.0,581126.0,210618.0,126.79711442675784,37.11345121783386,126.91029295740636,37.13128954003405,향남차고지,향남차고지
CL0000033709_june23_027,18,76보5241,병점차고지,07:37:56,08:00:00,09:22:43,10:44:40,22.066666666666666,82.71666666666667,81.95,186.73333333333332,08:00:00,17:00:00,8.0,196971.0,353371.0,126.87114553843712,37.23594292369981,127.12537977416154,37.40973793809251,봉담차고지,
CL0000038230_june23_089,14,76보5216,동탄차고지,10:15:39,10:15:39,10:24:16,10:48:50,0.0,8.616666666666667,24.566666666666666,33.18333333333333,08:00:00,20:00:00,11.0,613324.0,331148.0,127.10476699328352,37.18155892719098,127.0796456964893,37.21713985119504,동탄차고지,동탄차고지
CL0000021575_june23_097,8,73두0130,병점차고지,10:32:51,10:32:51,10:40:33,10:49:33,0.0,7.7,9.0,16.7,08:00:00,17:00:00,8.5,328375.0,328580.0,127.0374487183392,37.2127850542673,127.04037600951082,37.20891755474821,병점차고지,병점차고지
CL0000028460_june23_084,58,728루4726,봉담차고지,09:59:49,09:59:49,10:09:46,10:53:43,0.0,9.95,43.95,53.9,08:00:00,17:00:00,8.0,212298.0,581955.0,126.93976934486774,37.196715210888456,126.92153069647748,37.13715391512689,봉담차고지,향남차고지
CL0000040360_june23_080,35,714머8664,봉담차고지,09:55:59,09:55:59,10:33:18,10:55:20,0.0,37.31666666666667,22.033333333333335,59.35,08:00:00,19:00:00,10.0,581956.0,581955.0,126.9133282910377,37.116776729516125,126.92153069647748,37.13715391512689,향남차고지,향남차고지
CL0000049063_june23_098,5,77라9906,향남차고지,10:35:06,10:35:06,10:35:16,10:59:20,0.0,0.16666666666666666,24.066666666666666,24.233333333333334,08:00:00,17:00:00,8.0,581955.0,553064.0,126.92153069647748,37.13715391512689,126.90969315899254,37.11497732485407,향남차고지,향남차고지
CL0000008950_june23_087,7,71머4612,동탄차고지,10:13:31,10:13:31,10:40:20,11:01:21,0.0,26.816666666666666,21.016666666666666,47.833333333333336,08:00:00,19:00:00,10.0,331148.0,329690.0,127.0796456964893,37.21713985119504,127.05234417216798,37.20485185322518,동탄차고지,동탄차고지
CL0000031223_june23_025,13,76보5211,향남차고지,07:30:42,08:00:00,09:15:11,11:07:51,29.3,75.18333333333334,112.66666666666667,217.15,08:00:00,17:00:00,8.0,587485.0,193139.0,127.05451318790546,37.20654493750992,126.7333814496893,37.50683027687944,동탄차고지,
CL0000040020_june23_105,8,73두0130,병점차고지,10:53:51,10:53:51,11:06:19,11:15:18,0.0,12.466666666666667,8.983333333333333,21.45,08:00:00,17:00:00,8.5,329781.0,329096.0,127.04353616741344,37.21542089963416,127.04909514436578,37.21386803426587,병점차고지,병점차고지
CL0000034050_june23_020,4,77라9905,향남차고지,07:25:11,08:00:00,09:18:21,11:16:05,34.81666666666667,78.35,117.73333333333333,230.9,08:00:00,17:00:00,8.0,329655.0,186323.0,127.06613534704124,37.20192531331036,126.63620754455944,37.37442362971698,동탄차고지,
CL0000018388_june23_019,23,70보5601,향남차고지,07:22:54,07:53:16,08:22:44,11:20:33,30.366666666666667,29.466666666666665,177.81666666666666,237.65,06:00:00,15:00:00,8.5,197215.0,331649.0,126.7577942555456,37.238795606909214,127.04441930505097,37.27458153643688,남양차고지,
CL0000013586_june23_099,20,76보5243,동탄차고지,10:39:08,10:39:08,11:05:57,11:21:45,0.0,26.816666666666666,15.8,42.61666666666667,08:00:00,17:00:00,8.0,331148.0,329096.0,127.0796456964893,37.21713985119504,127.04909514436578,37.21386803426587,동탄차고지,병점차고지
CL0000003415_june23_109,7,71머4612,동탄차고지,11:10:20,11:10:20,11:14:41,11:25:45,0.0,4.35,11.066666666666666,15.416666666666666,08:00:00,19:00:00,10.0,613404.0,613283.0,127.10382424854706,37.17478962242995,127.09878783825933,37.20286303741944,동탄차고지,동탄차고지
CL0000038183_june23_114,43,714머8632,동탄차고지,11:18:48,11:18:48,11:23:41,11:31:27,0.0,4.883333333333334,7.766666666666667,12.65,08:00:00,17:00:00,8.0,587626.0,613323.0,127.10711590281215,37.17606787597767,127.10928353356468,37.18209392955506,동탄차고지,동탄차고지
CL0000005469_june23_104,14,76보5216,동탄차고지,10:52:39,10:52:39,11:00:40,11:32:48,0.0,8.016666666666667,32.13333333333333,40.15,08:00:00,20:00:00,11.0,613069.0,330096.0,127.10669653032684,37.165980129529295,127.03810811994448,37.20842340631171,동탄차고지,병점차고지
CL0000027691_june23_100,25,70보5616,동탄차고지,10:43:21,10:43:21,11:10:10,11:33:45,0.0,26.816666666666666,23.583333333333332,50.4,10:00:00,19:00:00,8.0,331148.0,330082.0,127.0796456964893,37.21713985119504,127.03350130328177,37.20743827553049,동탄차고지,병점차고지
CL0000046238_june23_079,39,714머8653,동탄차고지,09:52:22,09:52:22,11:07:18,11:36:11,0.0,74.93333333333334,28.883333333333333,103.81666666666666,06:00:00,15:00:00,8.0,198809.0,198623.0,126.8087119533101,37.319487460391805,126.82121706720132,37.29173802162436,,남양차고지
CL0000035948_june23_112,52,728루4755,남양차고지,11:17:33,11:17:33,11:24:31,11:36:49,0.0,6.966666666666667,12.3,19.266666666666666,08:00:00,19:00:00,10.0,581211.0,196808.0,126.83455557393668,37.2092117237344,126.8156190578087,37.20889570574361,남양차고지,남양차고지
CL0000041404_june23_085,50,728루4754,봉담차고지,10:06:50,10:06:50,10:11:09,11:38:09,0.0,4.316666666666666,87.0,91.31666666666666,10:00:00,22:00:00,11.0,212371.0,210953.0,126.93953936363684,37.224723590916895,126.88237951142386,37.113150619748886,봉담차고지,향남차고지
CL0000009739_june23_088,54,714머8614,동탄차고지,10:14:39,10:14:39,10:23:49,11:40:54,0.0,9.166666666666666,77.08333333333333,86.25,08:00:00,19:00:00,10.0,613334.0,351856.0,127.10722361190916,37.18143073369984,127.12822374726191,37.32260265301458,동탄차고지,
CL0000005116_june23_117,20,76보5243,동탄차고지,11:23:01,11:23:01,11:32:30,11:41:31,0.0,9.483333333333333,9.016666666666667,18.5,08:00:00,17:00:00,8.0,612936.0,613069.0,127.11441981674449,37.15994414972537,127.10669653032684,37.165980129529295,동탄차고지,동탄차고지
CL0000002973_june23_086,6,71머4610,향남차고지,10:09:16,10:09:16,10:18:09,11:42:52,0.0,8.883333333333333,84.71666666666667,93.6,06:00:00,15:00:00,8.0,210618.0,581126.0,126.91029295740636,37.13128954003405,126.79711442675784,37.11345121783386,향남차고지,향남차고지
CL0000001369_june23_095,34,714머8662,병점차고지,10:29:58,10:29:58,11:01:34,11:46:03,0.0,31.6,44.483333333333334,76.08333333333333,08:00:00,17:00:00,8.5,605532.0,333600.0,126.9753239222791,37.21773951054147,127.04773122256296,37.278167581587496,봉담차고지,
CL0000005686_june23_092,62,728루4746,봉담차고지,10:22:05,10:22:05,10:36:16,11:48:14,0.0,14.183333333333334,71.96666666666667,86.15,08:00:00,19:00:00,10.0,605547.0,581955.0,126.95692508126128,37.237237225561366,126.92153069647748,37.13715391512689,봉담차고지,향남차고지
CL0000051159_june23_016,46,728루4752,향남차고지,07:11:45,07:38:46,07:57:08,11:52:07,27.016666666666666,18.366666666666667,234.98333333333332,280.3666666666667,06:00:00,15:00:00,8.0,581123.0,203415.0,126.79730746888322,37.114258211317605,126.75303830529738,37.47679796574419,향남차고지,
CL0000047756_june23_096,41,714머8673,병점차고지,10:32:49,10:32:49,11:15:23,11:54:38,0.0,42.56666666666667,39.25,81.81666666666666,08:00:00,17:00:00,8.5,613494.0,212094.0,127.02774329596924,37.2776232734952,126.97753824312431,37.21555995180653,,봉담차고지
CL0000039270_june23_102,18,76보5241,병점차고지,10:46:28,10:46:28,10:57:06,11:55:24,0.0,10.633333333333333,58.3,68.93333333333334,08:00:00,17:00:00,8.0,330252.0,613006.0,127.0393095269518,37.21862934544573,127.09017641208688,37.09816030223576,병점차고지,
CL0000002333_june23_113,8,73두0130,병점차고지,11:17:46,11:17:46,11:26:16,11:57:47,0.0,8.5,31.516666666666666,40.016666666666666,08:00:00,17:00:00,8.5,329781.0,211927.0,127.04353616741344,37.21542089963416,126.960830905064,37.21434046166237,병점차고지,봉담차고지
CL0000049870_june23_119,7,71머4612,동탄차고지,11:35:07,11:35:07,11:44:07,11:58:49,0.0,9.0,14.7,23.7,08:00:00,19:00:00,10.0,613358.0,331148.0,127.097469362699,37.19836226922996,127.0796456964893,37.21713985119504,동탄차고지,동탄차고지
CL0000003415_june23_120,25,70보5616,동탄차고지,11:39:19,11:39:19,11:49:00,12:01:12,0.0,9.683333333333334,12.2,21.883333333333333,10:00:00,19:00:00,8.0,613283.0,613288.0,127.09878783825933,37.20286303741944,127.11062216195234,37.17098887669788,동탄차고지,동탄차고지
CL0000023430_june23_094,11,73두0178,향남차고지,10:24:54,10:24:54,11:43:54,12:08:41,0.0,79.0,24.783333333333335,103.78333333333333,10:00:00,19:00:00,8.0,195732.0,581123.0,126.81666154753292,37.08188913462668,126.79730746888322,37.114258211317605,향남차고지,향남차고지
CL0000034050_june23_021,9,73두0136,동탄차고지,07:25:57,08:00:00,08:24:38,12:15:06,34.05,24.633333333333333,230.46666666666667,289.15,08:00:00,17:00:00,8.5,329655.0,186323.0,127.06613534704124,37.20192531331036,126.63620754455944,37.37442362971698,동탄차고지,
CL0000044347_june23_103,31,70우6254,향남차고지,10:46:56,10:46:56,11:41:44,12:19:05,0.0,54.8,37.35,92.15,08:00:00,17:00:00,8.0,328107.0,333600.0,127.00796001162136,37.19987284257063,127.04773122256296,37.278167581587496,병점차고지,
CL0000016825_june23_101,53,728루4751,병점차고지,10:44:13,10:44:13,11:27:00,12:20:32,0.0,42.78333333333333,53.53333333333333,96.31666666666666,08:00:00,18:00:00,9.0,588288.0,353302.0,127.12459461794208,37.20721963174206,127.12345430419438,37.350654238516775,동탄차고지,
CL0000003514_june23_106,29,70보5603,남양차고지,10:54:36,10:54:36,11:04:13,12:22:04,0.0,9.616666666666667,77.85,87.46666666666667,08:00:00,19:00:00,10.0,581178.0,562079.0,126.8309395072083,37.20992565210092,127.03572608270257,37.20692274986452,남양차고지,병점차고지
CL0000002005_june23_093,15,76보5223,병점차고지,10:23:02,10:23:02,11:42:23,12:24:03,0.0,79.35,41.666666666666664,121.01666666666667,10:00:00,21:00:00,10.0,211560.0,198708.0,126.87462745526786,37.23971632694457,126.85211073319624,37.30879530094756,봉담차고지,
CL0000039153_june23_121,57,728루4777,동탄차고지,11:54:26,11:54:26,12:12:00,12:27:17,0.0,17.566666666666666,15.283333333333333,32.85,10:00:00,21:00:00,10.0,329897.0,328388.0,127.07946083964411,37.21567863287279,127.04125215272138,37.2031306557569,동탄차고지,병점차고지
CL0000050815_june23_091,10,73두0156,향남차고지,10:21:01,10:21:01,11:54:07,12:39:21,0.0,93.1,45.233333333333334,138.33333333333334,10:00:00,19:00:00,8.0,196199.0,211006.0,126.81583110804694,37.13827712752737,126.87462978196194,37.114570527227606,향남차고지,향남차고지
CL0000001072_june23_111,50,728루4754,봉담차고지,11:15:48,11:38:09,12:22:28,12:45:26,22.35,44.31666666666667,22.966666666666665,89.63333333333334,10:00:00,22:00:00,11.0,334910.0,328566.0,127.07427328754063,37.25600564941309,127.00911276758882,37.20996477118594,,병점차고지
CL0000003415_june23_128,25,70보5616,동탄차고지,12:36:37,12:36:37,12:39:50,12:46:19,0.0,3.216666666666667,6.483333333333333,9.7,10:00:00,19:00:00,8.0,613288.0,613408.0,127.11062216195234,37.17098887669788,127.1020099431703,37.17667112018309,동탄차고지,동탄차고지
CL0000001467_june23_110,22,70보5602,병점차고지,11:10:21,11:10:21,12:10:15,12:48:00,0.0,59.9,37.75,97.65,10:00:00,19:00:00,8.0,605497.0,211121.0,126.91095433254176,37.11303819227389,126.99601597197126,37.09442771675607,향남차고지,향남차고지
CL0000008623_june23_123,11,73두0178,향남차고지,12:16:47,12:16:47,12:16:52,12:48:19,0.0,0.08333333333333333,31.45,31.533333333333335,10:00:00,19:00:00,8.0,581955.0,212094.0,126.92153069647748,37.13715391512689,126.97753824312431,37.21555995180653,향남차고지,봉담차고지
CL0000003788_june23_029,19,76보5242,동탄차고지,07:40:16,08:00:00,11:03:38,12:49:19,19.733333333333334,183.63333333333333,105.68333333333334,309.05,08:00:00,17:00:00,8.5,196786.0,214849.0,126.75091810905924,37.19118300501594,126.87366863581074,37.31629664469536,남양차고지,
CL0000003173_june23_107,37,714머8651,향남차고지,10:56:04,10:56:04,12:22:54,12:52:44,0.0,86.83333333333333,29.833333333333332,116.66666666666667,10:00:00,19:00:00,8.0,331148.0,613481.0,127.0796456964893,37.21713985119504,127.0836714031165,37.31358872367665,동탄차고지,
CL0000004708_june23_129,30,70우6250,동탄차고지,12:37:26,12:37:26,12:40:30,12:53:34,0.0,3.066666666666667,13.066666666666666,16.133333333333333,06:00:00,15:00:00,8.5,587626.0,329370.0,127.10711590281215,37.17606787597767,127.06912237975436,37.19111959712519,동탄차고지,동탄차고지
CL0000016424_june23_059,44,728루4747,향남차고지,08:57:24,08:57:24,10:22:59,12:55:13,0.0,85.58333333333333,152.23333333333332,237.81666666666666,08:00:00,17:00:00,8.0,581123.0,331972.0,126.79730746888322,37.114258211317605,127.01876595262436,37.25365177787882,향남차고지,
CL0000050815_june23_115,55,726도7208,병점차고지,11:19:55,11:19:55,12:27:41,12:57:59,0.0,67.76666666666667,30.3,98.06666666666666,10:00:00,19:00:00,8.0,211006.0,196199.0,126.87462978196194,37.114570527227606,126.81583110804694,37.13827712752737,향남차고지,향남차고지
CL0000014310_june23_108,56,726도7242,향남차고지,10:57:40,10:57:40,12:34:21,13:00:00,0.0,96.68333333333334,25.65,122.33333333333333,08:00:00,17:00:00,8.0,562405.0,334424.0,127.10533911246716,37.20935056016968,127.07413733207576,37.27700573994936,동탄차고지,
CL0000022961_june23_124,61,728루4736,봉담차고지,12:17:37,12:17:37,12:42:16,13:01:07,0.0,24.65,18.85,43.5,06:00:00,15:00:00,8.5,197063.0,196640.0,126.86880727267922,37.23535376706551,126.81864268321029,37.20903273377374,봉담차고지,남양차고지
CL0000028665_june23_130,25,70보5616,동탄차고지,12:46:23,12:46:23,12:49:27,13:03:08,0.0,3.066666666666667,13.683333333333334,16.75,10:00:00,19:00:00,8.0,587626.0,330614.0,127.10711590281215,37.17606787597767,127.06975209157044,37.1941098035657,동탄차고지,동탄차고지
CL0000001583_june23_118,27,70보5604,동탄차고지,11:31:48,12:00:00,12:32:47,13:12:40,28.2,32.78333333333333,39.88333333333333,100.86666666666666,06:00:00,15:00:00,8.0,352297.0,330614.0,127.148786346761,37.271604963394616,127.06975209157044,37.1941098035657,,동탄차고지
CL0000044315_june23_132,38,714머8669,동탄차고지,12:50:58,12:50:58,13:01:15,13:24:24,0.0,10.283333333333333,23.15,33.43333333333333,06:00:00,15:00:00,8.0,329657.0,331148.0,127.06637500780774,37.20031792046458,127.0796456964893,37.21713985119504,동탄차고지,동탄차고지
CL0000005963_june23_075,33,714머8648,봉담차고지,09:43:14,09:43:14,10:28:12,13:27:30,0.0,44.96666666666667,179.3,224.26666666666668,08:00:00,17:00:00,8.0,199233.0,581126.0,126.82543978922315,37.318821644616825,126.79711442675784,37.11345121783386,,향남차고지
CL0000033976_june23_131,10,73두0156,향남차고지,12:48:22,12:48:22,13:19:01,13:32:06,0.0,30.65,13.083333333333334,43.733333333333334,10:00:00,19:00:00,8.0,196998.0,552161.0,126.82991470218629,37.20243430121198,126.83226798261808,37.218437208456905,남양차고지,남양차고지
CL0000004798_june23_116,23,70보5601,향남차고지,11:20:15,12:00:00,12:40:48,13:33:32,39.75,40.8,52.733333333333334,133.28333333333333,06:00:00,15:00:00,8.5,581955.0,197597.0,126.92153069647748,37.13715391512689,126.86631863436511,37.29022150939409,향남차고지,
CL0000013281_june23_125,47,728루4759,향남차고지,12:19:48,12:19:48,12:56:36,13:35:46,0.0,36.8,39.166666666666664,75.96666666666667,06:00:00,15:00:00,8.0,581126.0,210618.0,126.79711442675784,37.11345121783386,126.91029295740636,37.13128954003405,향남차고지,향남차고지
CL0000003676_june23_135,30,70우6250,동탄차고지,12:56:02,12:56:02,12:59:06,13:40:42,0.0,3.066666666666667,41.6,44.666666666666664,06:00:00,15:00:00,8.5,587626.0,329496.0,127.10711590281215,37.17606787597767,127.07201251232593,37.20515962086177,동탄차고지,동탄차고지
CL0000035948_june23_134,37,714머8651,향남차고지,12:55:40,12:55:40,13:27:52,13:43:50,0.0,32.2,15.966666666666667,48.166666666666664,10:00:00,19:00:00,8.0,196640.0,581211.0,126.81864268321029,37.20903273377374,126.83455557393668,37.2092117237344,남양차고지,남양차고지
CL0000013576_june23_137,57,728루4777,동탄차고지,12:59:50,12:59:50,13:02:54,13:44:30,0.0,3.066666666666667,41.6,44.666666666666664,10:00:00,21:00:00,10.0,587626.0,329496.0,127.10711590281215,37.17606787597767,127.07201251232593,37.20515962086177,동탄차고지,동탄차고지
CL0000005251_june23_142,2,77라9903,병점차고지,13:27:10,13:27:10,13:31:35,13:56:13,0.0,4.416666666666667,24.633333333333333,29.05,13:00:00,22:00:00,8.0,562079.0,329096.0,127.03572608270257,37.20692274986452,127.04909514436578,37.21386803426587,병점차고지,병점차고지
CL0000049328_june23_138,7,71머4612,동탄차고지,13:00:36,13:00:36,13:25:05,13:56:39,0.0,24.483333333333334,31.566666666666666,56.05,08:00:00,19:00:00,10.0,329238.0,331148.0,127.07481451775844,37.19480187631188,127.0796456964893,37.21713985119504,동탄차고지,동탄차고지
CL0000016913_june23_143,29,70보5603,남양차고지,13:31:11,13:31:11,14:00:45,14:14:37,0.0,29.566666666666666,13.866666666666667,43.43333333333333,08:00:00,19:00:00,10.0,329625.0,331148.0,127.0612366388017,37.21708227788013,127.0796456964893,37.21713985119504,동탄차고지,동탄차고지
CL0000039067_june23_126,46,728루4752,향남차고지,12:25:27,12:25:27,13:57:07,14:31:50,0.0,91.66666666666667,34.71666666666667,126.38333333333334,06:00:00,15:00:00,8.0,210618.0,196279.0,126.91029295740636,37.13128954003405,126.86317628774644,37.13925095082437,향남차고지,향남차고지
CL0000003385_june23_154,35,714머8664,봉담차고지,13:57:50,13:57:50,14:06:03,14:32:33,0.0,8.216666666666667,26.5,34.71666666666667,08:00:00,19:00:00,10.0,605545.0,562335.0,126.95376481665032,37.22593548966335,127.0078037565462,37.20992174992237,봉담차고지,병점차고지
CL0000009382_june23_159,17,76보5240,병점차고지,14:10:05,14:10:05,14:21:04,14:33:46,0.0,10.983333333333333,12.7,23.683333333333334,08:00:00,19:00:00,10.0,329087.0,328692.0,127.05043697385344,37.22335924418469,127.0372916200398,37.21410262741063,병점차고지,병점차고지
CL0000005116_june23_166,43,714머8632,동탄차고지,14:20:56,14:20:56,14:26:57,14:35:04,0.0,6.016666666666667,8.116666666666667,14.133333333333333,08:00:00,17:00:00,8.0,613069.0,587154.0,127.10669653032684,37.165980129529295,127.11236597233908,37.15627101413146,동탄차고지,동탄차고지
CL0000045837_june23_141,4,77라9905,향남차고지,13:21:46,13:21:46,14:12:12,14:35:54,0.0,50.43333333333333,23.7,74.13333333333334,08:00:00,17:00:00,8.0,581962.0,210618.0,126.89817530878278,37.09798915923695,126.91029295740636,37.13128954003405,향남차고지,향남차고지
CL0000038417_june23_150,8,73두0130,병점차고지,13:49:32,13:49:32,14:15:38,14:37:13,0.0,26.1,21.583333333333332,47.68333333333333,08:00:00,17:00:00,8.5,330519.0,330127.0,127.0519030998592,37.2198410993169,127.0326690465142,37.20472017367815,병점차고지,병점차고지
CL0000034808_june23_161,58,728루4726,봉담차고지,14:11:32,14:11:32,14:19:14,14:41:55,0.0,7.7,22.683333333333334,30.383333333333333,08:00:00,17:00:00,8.0,211799.0,212074.0,126.93063338171044,37.22733742021282,126.95916250767532,37.2166659692771,봉담차고지,봉담차고지
CL0000008950_june23_145,20,76보5243,동탄차고지,13:34:28,13:34:28,14:19:52,14:44:21,0.0,45.4,24.483333333333334,69.88333333333334,08:00:00,17:00:00,8.0,329690.0,562405.0,127.05234417216798,37.20485185322518,127.10533911246716,37.20935056016968,동탄차고지,동탄차고지
CL0000016773_june23_072,59,728루4739,병점차고지,09:37:12,09:37:12,10:32:05,14:48:27,0.0,54.88333333333333,256.3666666666667,311.25,06:00:00,15:00:00,8.0,355887.0,550981.0,127.15872307705416,37.4517818719507,126.72465339851374,37.19777056698373,,남양차고지
CL0000027534_june23_167,18,76보5241,병점차고지,14:21:21,14:21:21,14:35:32,14:48:52,0.0,14.183333333333334,13.333333333333334,27.516666666666666,08:00:00,17:00:00,8.0,329439.0,331148.0,127.06022610219296,37.21178625994256,127.0796456964893,37.21713985119504,동탄차고지,동탄차고지
CL0000004022_june23_151,24,70보5607,동탄차고지,13:50:52,13:50:52,14:04:38,14:50:20,0.0,13.766666666666667,45.7,59.46666666666667,13:00:00,22:00:00,8.0,613344.0,582097.0,127.08592202432608,37.18798640252451,126.96193602302924,37.21595687777715,동탄차고지,봉담차고지
CL0000002389_june23_140,1,73마2393,향남차고지,13:16:24,13:16:24,13:17:03,14:54:40,0.0,0.65,97.61666666666666,98.26666666666667,13:00:00,22:00:00,8.0,553210.0,582050.0,126.9214790433246,37.13795515539531,126.95810432760872,37.21883813192343,향남차고지,봉담차고지
CL0000016617_june23_169,63,728루4735,동탄차고지,14:22:45,14:22:45,14:32:07,14:54:41,0.0,9.366666666666667,22.566666666666666,31.933333333333334,13:00:00,22:00:00,8.0,587156.0,329860.0,127.11234935773145,37.16146526008021,127.07553482652676,37.193498907274886,동탄차고지,동탄차고지
CL0000038416_june23_136,50,728루4754,봉담차고지,12:57:54,12:57:54,13:23:07,14:58:25,0.0,25.216666666666665,95.3,120.51666666666667,10:00:00,22:00:00,11.0,581955.0,582049.0,126.92153069647748,37.13715391512689,126.96181213367862,37.21611808016205,향남차고지,봉담차고지
CL0000013638_june23_157,36,714머8663,동탄차고지,14:06:25,14:06:25,14:32:28,14:59:28,0.0,26.05,27.0,53.05,13:00:00,22:00:00,8.0,350357.0,587626.0,127.14680993024182,37.19170920668804,127.10711590281215,37.17606787597767,동탄차고지,동탄차고지
CL0000002833_june23_152,27,70보5604,동탄차고지,13:54:35,13:54:35,14:23:52,15:00:52,0.0,29.283333333333335,37.0,66.28333333333333,06:00:00,15:00:00,8.0,349610.0,330474.0,127.1296042307896,37.157827291357776,127.0419367515419,37.185525231871765,동탄차고지,
CL0000016487_june23_155,21,76보5248,향남차고지,14:00:51,14:00:51,14:01:11,15:01:18,0.0,0.3333333333333333,60.11666666666667,60.45,08:00:00,17:00:00,8.0,553210.0,581195.0,126.9214790433246,37.13795515539531,126.83966932267944,37.20386617775945,향남차고지,남양차고지
CL0000022961_june23_168,29,70보5603,남양차고지,14:22:00,14:22:00,14:24:11,15:03:06,0.0,2.183333333333333,38.916666666666664,41.1,08:00:00,19:00:00,10.0,196640.0,196648.0,126.81864268321029,37.20903273377374,126.87227739918292,37.25026223735849,남양차고지,봉담차고지
CL0000042691_june23_146,6,71머4610,향남차고지,13:37:36,13:37:36,13:37:51,15:04:39,0.0,0.25,86.8,87.05,06:00:00,15:00:00,8.0,581955.0,581897.0,126.92153069647748,37.13715391512689,126.89617376219718,37.07590706544515,향남차고지,향남차고지
CL0000013440_june23_163,56,726도7242,향남차고지,14:14:27,14:14:27,14:14:47,15:05:50,0.0,0.3333333333333333,51.05,51.38333333333333,08:00:00,17:00:00,8.0,553210.0,212335.0,126.9214790433246,37.13795515539531,126.95968537194469,37.218517435477246,향남차고지,봉담차고지
CL0000010045_june23_173,8,73두0130,병점차고지,14:39:58,14:39:58,14:50:50,15:07:33,0.0,10.866666666666667,16.716666666666665,27.583333333333332,08:00:00,17:00:00,8.5,330127.0,329235.0,127.0326690465142,37.20472017367815,127.00669109486442,37.20171181885416,병점차고지,병점차고지
CL0000007765_june23_139,14,76보5216,동탄차고지,13:13:17,13:13:17,13:31:04,15:10:51,0.0,17.783333333333335,99.78333333333333,117.56666666666666,08:00:00,20:00:00,11.0,612901.0,212221.0,127.10968745782364,37.16159418702678,126.973006511084,37.18903183260834,동탄차고지,봉담차고지
CL0000029603_june23_156,28,70보5610,향남차고지,14:01:33,14:01:33,14:08:13,15:13:00,0.0,6.666666666666667,64.78333333333333,71.45,08:00:00,20:00:00,11.0,210618.0,581126.0,126.91029295740636,37.13128954003405,126.79711442675784,37.11345121783386,향남차고지,향남차고지
CL0000045837_june23_176,4,77라9905,향남차고지,14:43:30,14:43:30,14:50:10,15:13:52,0.0,6.666666666666667,23.7,30.366666666666667,08:00:00,17:00:00,8.0,210618.0,581962.0,126.91029295740636,37.13128954003405,126.89817530878278,37.09798915923695,향남차고지,향남차고지
CL0000025473_june23_188,25,70보5616,동탄차고지,15:05:54,15:05:54,15:12:37,15:18:59,0.0,6.716666666666667,6.366666666666666,13.083333333333334,10:00:00,19:00:00,8.0,587626.0,613391.0,127.10711590281215,37.17606787597767,127.10698141199067,37.17243872737989,동탄차고지,동탄차고지
CL0000007442_june23_153,7,71머4612,동탄차고지,13:57:09,13:57:09,14:15:52,15:20:00,0.0,18.716666666666665,64.13333333333334,82.85,08:00:00,19:00:00,10.0,587156.0,211802.0,127.11234935773145,37.16146526008021,126.94822475020818,37.2237861323631,동탄차고지,봉담차고지
CL0000021790_june23_175,35,714머8664,봉담차고지,14:42:44,14:42:44,14:57:06,15:20:08,0.0,14.366666666666667,23.033333333333335,37.4,08:00:00,19:00:00,10.0,212084.0,211804.0,126.9652920979456,37.219130026563846,126.94703679050724,37.223686022078745,봉담차고지,봉담차고지
CL0000011616_june23_179,20,76보5243,동탄차고지,14:47:49,14:47:49,14:53:11,15:21:05,0.0,5.366666666666666,27.9,33.266666666666666,08:00:00,17:00:00,8.0,587626.0,329622.0,127.10711590281215,37.17606787597767,127.06025348804164,37.21796243675633,동탄차고지,동탄차고지
CL0000008950_june23_184,24,70보5607,동탄차고지,14:59:51,14:59:51,15:12:49,15:22:08,0.0,12.966666666666667,9.316666666666666,22.283333333333335,13:00:00,22:00:00,8.0,562405.0,587580.0,127.10533911246716,37.20935056016968,127.1004822335056,37.19756676503015,동탄차고지,동탄차고지
CL0000013576_june23_177,17,76보5240,병점차고지,14:47:37,14:47:37,15:05:29,15:22:58,0.0,17.866666666666667,17.483333333333334,35.35,08:00:00,19:00:00,10.0,329496.0,330614.0,127.07201251232593,37.20515962086177,127.06975209157044,37.1941098035657,동탄차고지,동탄차고지
CL0000006025_june23_160,32,714머8656,향남차고지,14:11:29,14:11:29,14:11:49,15:31:45,0.0,0.3333333333333333,79.93333333333334,80.26666666666667,08:00:00,17:00:00,8.0,553210.0,614352.0,126.9214790433246,37.13795515539531,127.12341336021288,37.16661164391269,향남차고지,동탄차고지
CL0000003971_june23_162,45,728루4748,향남차고지,14:13:22,14:13:22,14:13:42,15:33:38,0.0,0.3333333333333333,79.93333333333334,80.26666666666667,13:00:00,22:00:00,8.0,553210.0,614352.0,126.9214790433246,37.13795515539531,127.12341336021288,37.16661164391269,향남차고지,동탄차고지
CL0000029603_june23_133,11,73두0178,향남차고지,12:53:58,12:53:58,13:30:46,15:35:20,0.0,36.8,124.56666666666666,161.36666666666667,10:00:00,19:00:00,8.0,581126.0,210618.0,126.79711442675784,37.11345121783386,126.91029295740636,37.13128954003405,향남차고지,향남차고지
CL0000046940_june23_090,3,77라9904,병점차고지,10:17:35,10:17:35,10:45:14,15:35:54,0.0,27.65,290.6666666666667,318.31666666666666,06:00:00,17:00:00,10.0,331148.0,368881.0,127.0796456964893,37.21713985119504,127.49860947382707,37.067458322978496,동탄차고지,
CL0000003514_june23_158,2,77라9903,병점차고지,14:09:02,14:09:02,14:11:15,15:36:23,0.0,2.216666666666667,85.13333333333334,87.35,13:00:00,22:00:00,8.0,562079.0,581178.0,127.03572608270257,37.20692274986452,126.8309395072083,37.20992565210092,병점차고지,남양차고지
CL0000029969_june23_194,52,728루4755,남양차고지,15:23:55,15:23:55,15:27:36,15:36:52,0.0,3.683333333333333,9.266666666666667,12.95,08:00:00,19:00:00,10.0,604596.0,197001.0,126.81934057274572,37.2075286596059,126.82750332244424,37.20211565115581,남양차고지,남양차고지
CL0000039067_june23_148,12,76보5210,향남차고지,13:47:51,13:47:51,14:57:49,15:39:58,0.0,69.96666666666667,42.15,112.11666666666666,06:00:00,15:00:00,8.5,196279.0,210618.0,126.86317628774644,37.13925095082437,126.91029295740636,37.13128954003405,향남차고지,향남차고지
CL0000023008_june23_189,8,73두0130,병점차고지,15:08:16,15:08:16,15:26:00,15:49:34,0.0,17.733333333333334,23.566666666666666,41.3,08:00:00,17:00:00,8.5,329439.0,587544.0,127.06022610219296,37.21178625994256,127.03893366486568,37.199794944471456,동탄차고지,병점차고지
CL0000028460_june23_185,10,73두0156,향남차고지,15:00:07,15:00:07,15:04:19,15:49:52,0.0,4.2,45.55,49.75,10:00:00,19:00:00,8.0,210960.0,212298.0,126.92158917855856,37.13152742764272,126.93976934486774,37.196715210888456,향남차고지,봉담차고지
CL0000007614_june23_183,1,73마2393,향남차고지,14:59:14,14:59:14,14:59:22,15:51:39,0.0,0.13333333333333333,52.28333333333333,52.416666666666664,13:00:00,22:00:00,8.0,581955.0,212388.0,126.92153069647748,37.13715391512689,126.94513837372756,37.21727528155623,향남차고지,봉담차고지
CL0000021790_june23_201,35,714머8664,봉담차고지,15:38:04,15:38:04,15:39:16,16:04:46,0.0,1.2,25.5,26.7,08:00:00,19:00:00,10.0,211804.0,212382.0,126.94703679050724,37.223686022078745,126.9733342647563,37.223123635101096,봉담차고지,봉담차고지
CL0000040463_june23_127,15,76보5223,병점차고지,12:34:44,12:34:44,13:19:46,16:05:25,0.0,45.03333333333333,165.65,210.68333333333334,10:00:00,21:00:00,10.0,196853.0,216753.0,126.83876645954062,37.19056047489888,126.94447949101408,37.35202709541212,남양차고지,
CL0000040290_june23_181,40,714머8660,병점차고지,14:53:57,14:53:57,15:45:53,16:07:03,0.0,51.93333333333333,21.166666666666668,73.1,08:00:00,19:00:00,10.5,581955.0,581996.0,126.92153069647748,37.13715391512689,126.9136027828586,37.11743551559032,향남차고지,향남차고지
CL0000049328_june23_195,7,71머4612,동탄차고지,15:25:14,15:25:14,15:50:22,16:11:59,0.0,25.133333333333333,21.616666666666667,46.75,08:00:00,19:00:00,10.0,331148.0,329238.0,127.0796456964893,37.21713985119504,127.07481451775844,37.19480187631188,동탄차고지,동탄차고지
CL0000009382_june23_203,2,77라9903,병점차고지,15:53:18,15:53:18,16:02:07,16:12:53,0.0,8.816666666666666,10.766666666666667,19.583333333333332,13:00:00,22:00:00,8.0,328692.0,330246.0,127.0372916200398,37.21410262741063,127.04743897098147,37.22300927794134,병점차고지,병점차고지
CL0000016913_june23_186,36,714머8663,동탄차고지,15:00:12,15:00:12,15:25:20,16:12:59,0.0,25.133333333333333,47.65,72.78333333333333,13:00:00,22:00:00,8.0,331148.0,613494.0,127.0796456964893,37.21713985119504,127.02774329596924,37.2776232734952,동탄차고지,
CL0000038417_june23_198,22,70보5602,병점차고지,15:34:51,15:34:51,15:48:26,16:14:09,0.0,13.583333333333334,25.716666666666665,39.3,10:00:00,19:00:00,8.0,330127.0,330519.0,127.0326690465142,37.20472017367815,127.0519030998592,37.2198410993169,병점차고지,병점차고지
CL0000038045_june23_187,21,76보5248,향남차고지,15:05:27,15:05:27,15:05:36,16:14:25,0.0,0.15,68.81666666666666,68.96666666666667,08:00:00,17:00:00,8.0,581955.0,196939.0,126.92153069647748,37.13715391512689,126.82927635288084,37.18944814659277,향남차고지,남양차고지
CL0000013638_june23_200,14,76보5216,동탄차고지,15:37:30,15:37:30,15:44:13,16:16:43,0.0,6.716666666666667,32.5,39.21666666666667,08:00:00,20:00:00,11.0,587626.0,350357.0,127.10711590281215,37.17606787597767,127.14680993024182,37.19170920668804,동탄차고지,동탄차고지
CL0000027691_june23_208,55,726도7208,병점차고지,16:02:55,16:02:55,16:04:12,16:17:09,0.0,1.2833333333333334,12.95,14.233333333333333,10:00:00,19:00:00,8.0,330081.0,587447.0,127.03404783161582,37.20655108923359,127.04181640885967,37.21628387918452,병점차고지,병점차고지
CL0000032200_june23_165,54,714머8614,동탄차고지,14:18:52,14:18:52,14:35:29,16:17:36,0.0,16.616666666666667,102.11666666666666,118.73333333333333,08:00:00,19:00:00,10.0,329387.0,293864.0,127.0727713020448,37.20193600185209,127.11296701064988,36.98783126484466,동탄차고지,
CL0000003385_june23_197,17,76보5240,병점차고지,15:33:37,15:33:37,15:47:43,16:19:35,0.0,14.1,31.866666666666667,45.96666666666667,08:00:00,19:00:00,10.0,562335.0,605545.0,127.0078037565462,37.20992174992237,126.95376481665032,37.22593548966335,병점차고지,봉담차고지
CL0000005686_june23_192,28,70보5610,향남차고지,15:13:49,15:13:49,15:13:58,16:21:45,0.0,0.15,67.78333333333333,67.93333333333334,08:00:00,20:00:00,11.0,581955.0,605547.0,126.92153069647748,37.13715391512689,126.95692508126128,37.237237225561366,향남차고지,봉담차고지
CL0000030833_june23_170,62,728루4746,봉담차고지,14:32:04,14:32:04,15:15:45,16:26:46,0.0,43.68333333333333,71.01666666666667,114.7,08:00:00,19:00:00,10.0,553210.0,329690.0,126.9214790433246,37.13795515539531,127.05234417216798,37.20485185322518,향남차고지,동탄차고지
CL0000051333_june23_199,11,73두0178,향남차고지,15:37:11,15:37:11,15:42:31,16:29:12,0.0,5.333333333333333,46.68333333333333,52.016666666666666,10:00:00,19:00:00,8.0,210945.0,196604.0,126.92219073358942,37.129604082482274,126.86120816017812,37.11730820048042,향남차고지,향남차고지
CL0000003430_june23_164,44,728루4747,향남차고지,14:15:38,14:15:38,15:15:48,16:29:43,0.0,60.166666666666664,73.91666666666667,134.08333333333334,08:00:00,17:00:00,8.0,553210.0,328734.0,126.9214790433246,37.13795515539531,127.04837879276964,37.21019463365697,향남차고지,병점차고지
CL0000012285_june23_174,34,714머8662,병점차고지,14:41:07,14:41:07,15:08:09,16:32:31,0.0,27.033333333333335,84.36666666666666,111.4,08:00:00,17:00:00,8.5,212110.0,213702.0,126.95500859032744,37.21317979012598,126.91649959312596,37.33128301873928,봉담차고지,
CL0000003676_june23_172,19,76보5242,동탄차고지,14:34:09,14:34:09,16:12:02,16:34:05,0.0,97.88333333333334,22.05,119.93333333333334,08:00:00,17:00:00,8.5,329496.0,613243.0,127.07201251232593,37.20515962086177,127.11454862420788,37.17487823037695,동탄차고지,동탄차고지
CL0000044315_june23_204,20,76보5243,동탄차고지,15:56:36,15:56:36,16:21:44,16:34:38,0.0,25.133333333333333,12.9,38.03333333333333,08:00:00,17:00:00,8.0,331148.0,329657.0,127.0796456964893,37.21713985119504,127.06637500780774,37.20031792046458,동탄차고지,동탄차고지
CL0000040360_june23_214,10,73두0156,향남차고지,16:19:58,16:19:58,16:20:05,16:36:12,0.0,0.11666666666666667,16.116666666666667,16.233333333333334,10:00:00,19:00:00,8.0,581955.0,581956.0,126.92153069647748,37.13715391512689,126.9133282910377,37.116776729516125,향남차고지,향남차고지
CL0000004798_june23_182,41,714머8673,병점차고지,14:56:26,14:56:26,16:06:12,16:36:33,0.0,69.76666666666667,30.35,100.11666666666666,08:00:00,17:00:00,8.5,197544.0,211410.0,126.86664909092929,37.29670888568947,126.87507499237437,37.24353611529062,,봉담차고지
CL0000038564_june23_149,33,714머8648,봉담차고지,13:49:30,13:49:30,15:15:28,16:37:59,0.0,85.96666666666667,82.51666666666667,168.48333333333332,08:00:00,17:00:00,8.0,211412.0,331111.0,126.87405915256925,37.23127553552384,127.02548603137656,37.23624212251454,봉담차고지,
CL0000031318_june23_202,3,77라9904,병점차고지,15:47:57,15:47:57,15:59:41,16:38:23,0.0,11.733333333333333,38.7,50.43333333333333,06:00:00,17:00:00,10.0,329779.0,331672.0,127.0437152437465,37.215506776420014,126.9985181158806,37.29318978058461,병점차고지,
CL0000027534_june23_210,57,728루4777,동탄차고지,16:09:40,16:09:40,16:27:09,16:39:24,0.0,17.483333333333334,12.25,29.733333333333334,10:00:00,21:00:00,10.0,331148.0,329439.0,127.0796456964893,37.21713985119504,127.06022610219296,37.21178625994256,동탄차고지,동탄차고지
CL0000020169_june23_178,58,728루4726,봉담차고지,14:47:45,14:47:45,15:31:26,16:46:11,0.0,43.68333333333333,74.75,118.43333333333334,08:00:00,17:00:00,8.0,553210.0,581194.0,126.9214790433246,37.13795515539531,126.84220459261564,37.20205256219548,향남차고지,남양차고지
CL0000030833_june23_207,25,70보5616,동탄차고지,16:01:59,16:01:59,16:21:44,16:46:29,0.0,19.75,24.75,44.5,10:00:00,19:00:00,8.0,329690.0,613151.0,127.05234417216798,37.20485185322518,127.11201004148316,37.183503962065465,동탄차고지,동탄차고지
CL0000041054_june23_122,39,714머8653,동탄차고지,12:11:27,12:11:27,13:05:27,16:46:31,0.0,54.0,221.06666666666666,275.06666666666666,06:00:00,15:00:00,8.0,587524.0,338663.0,127.09720087201,37.18964112726023,127.0109921805482,37.48402100293308,동탄차고지,
CL0000007765_june23_193,50,728루4754,봉담차고지,15:21:26,15:21:26,15:49:43,16:48:39,0.0,28.283333333333335,58.93333333333333,87.21666666666667,10:00:00,22:00:00,11.0,212221.0,613420.0,126.973006511084,37.18903183260834,127.11811324303994,37.183430888424056,봉담차고지,동탄차고지
CL0000049063_june23_213,1,73마2393,향남차고지,16:19:29,16:19:29,16:32:02,16:51:04,0.0,12.55,19.033333333333335,31.583333333333332,13:00:00,22:00:00,8.0,553064.0,210612.0,126.90969315899254,37.11497732485407,126.92001367281864,37.142761907129234,향남차고지,향남차고지
CL0000043075_june23_216,7,71머4612,동탄차고지,16:28:28,16:28:28,16:45:57,16:57:17,0.0,17.483333333333334,11.333333333333334,28.816666666666666,08:00:00,19:00:00,10.0,331148.0,330711.0,127.0796456964893,37.21713985119504,127.06832613365025,37.20483696881669,동탄차고지,동탄차고지
CL0000013355_june23_217,10,73두0156,향남차고지,16:40:58,16:40:58,16:48:25,17:00:46,0.0,7.45,12.35,19.8,10:00:00,19:00:00,8.0,211082.0,581955.0,126.92217305288312,37.124535399491904,126.92153069647748,37.13715391512689,향남차고지,향남차고지
CL0000039752_june23_144,5,77라9906,향남차고지,13:32:15,13:32:15,15:40:38,17:05:51,0.0,128.38333333333333,85.21666666666667,213.6,08:00:00,17:00:00,8.0,581123.0,211024.0,126.79730746888322,37.114258211317605,126.92112146629236,37.12993849910379,향남차고지,향남차고지
CL0000013281_june23_180,18,76보5241,병점차고지,14:53:14,14:53:14,15:47:04,17:06:48,0.0,53.833333333333336,79.73333333333333,133.56666666666666,08:00:00,17:00:00,8.0,210618.0,581126.0,126.91029295740636,37.13128954003405,126.79711442675784,37.11345121783386,향남차고지,향남차고지
CL0000049688_june23_147,13,76보5211,향남차고지,13:39:11,13:39:11,15:29:27,17:09:18,0.0,110.26666666666667,99.85,210.11666666666667,08:00:00,17:00:00,8.0,581211.0,332882.0,126.83455557393668,37.2092117237344,127.0159053768212,37.27243931006361,남양차고지,
CL0000005473_june23_205,24,70보5607,동탄차고지,15:59:16,15:59:16,16:24:24,17:13:44,0.0,25.133333333333333,49.333333333333336,74.46666666666667,13:00:00,22:00:00,8.0,331148.0,561980.0,127.0796456964893,37.21713985119504,127.05989843778944,37.10378760127799,동탄차고지,
CL0000029507_june23_211,54,714머8614,동탄차고지,16:15:19,16:17:36,16:34:25,17:14:17,2.283333333333333,16.816666666666666,39.86666666666667,58.96666666666667,08:00:00,19:00:00,10.0,329897.0,331472.0,127.07946083964411,37.21567863287279,127.00954124591154,37.29515702723364,동탄차고지,
CL0000039752_june23_171,31,70우6254,향남차고지,14:33:28,14:33:28,15:49:21,17:14:34,0.0,75.88333333333334,85.21666666666667,161.1,08:00:00,17:00:00,8.0,211024.0,581123.0,126.92112146629236,37.12993849910379,126.79730746888322,37.114258211317605,향남차고지,향남차고지
CL0000006428_june23_191,37,714머8651,향남차고지,15:09:14,15:09:14,15:09:23,17:26:43,0.0,0.15,137.33333333333334,137.48333333333332,10:00:00,19:00:00,8.0,581955.0,553592.0,126.92153069647748,37.13715391512689,126.9396416904932,37.34980716742026,향남차고지,
CL0000037525_june23_220,10,73두0156,향남차고지,17:09:19,17:09:19,17:28:33,17:33:34,0.0,19.233333333333334,5.016666666666667,24.25,10:00:00,19:00:00,8.0,553064.0,553064.0,126.90969315899254,37.11497732485407,126.90969315899254,37.11497732485407,향남차고지,향남차고지
CL0000038553_june23_223,28,70보5610,향남차고지,17:30:38,17:30:38,17:49:52,18:00:24,0.0,19.233333333333334,10.533333333333333,29.766666666666666,08:00:00,20:00:00,11.0,553064.0,553117.0,126.90969315899254,37.11497732485407,126.90346220031194,37.11114773358097,향남차고지,향남차고지
CL0000022091_june23_215,50,728루4754,봉담차고지,16:25:17,16:48:39,17:20:18,18:03:04,23.366666666666667,31.65,42.766666666666666,97.78333333333333,10:00:00,22:00:00,11.0,330082.0,327103.0,127.03350130328177,37.20743827553049,127.08192558016576,37.15648219018353,병점차고지,
CL0000002005_june23_209,15,76보5223,병점차고지,16:09:01,16:09:01,17:16:01,18:14:47,0.0,67.0,58.766666666666666,125.76666666666667,10:00:00,21:00:00,10.0,198708.0,211560.0,126.85211073319624,37.30879530094756,126.87462745526786,37.23971632694457,,봉담차고지
CL0000013355_june23_226,10,73두0156,향남차고지,17:56:52,17:56:52,17:57:02,18:15:02,0.0,0.16666666666666666,18.0,18.166666666666668,10:00:00,19:00:00,8.0,581955.0,211082.0,126.92153069647748,37.13715391512689,126.92217305288312,37.124535399491904,향남차고지,향남차고지
CL0000028320_june23_196,4,77라9905,향남차고지,15:32:23,15:32:23,17:52:19,18:22:47,0.0,139.93333333333334,30.466666666666665,170.4,08:00:00,17:00:00,8.0,550973.0,183310.0,126.69254733831838,37.19297729261191,126.70476635842734,37.16873701817134,남양차고지,남양차고지
CL0000051340_june23_218,54,714머8614,동탄차고지,16:44:21,17:14:17,17:38:55,18:23:47,29.933333333333334,24.633333333333333,44.86666666666667,99.43333333333334,08:00:00,19:00:00,10.0,329655.0,327509.0,127.06613534704124,37.20192531331036,127.07617718616908,37.14112879228946,동탄차고지,
CL0000046238_june23_206,53,728루4751,병점차고지,16:01:21,16:01:21,17:45:44,18:25:22,0.0,104.38333333333334,39.63333333333333,144.01666666666668,08:00:00,18:00:00,9.0,198623.0,198043.0,126.82121706720132,37.29173802162436,126.78702357054436,37.303093715261866,남양차고지,
CL0000049063_june23_227,1,73마2393,향남차고지,18:08:54,18:08:54,18:14:46,18:44:35,0.0,5.866666666666666,29.816666666666666,35.68333333333333,13:00:00,22:00:00,8.0,210612.0,553064.0,126.92001367281864,37.142761907129234,126.90969315899254,37.11497732485407,향남차고지,향남차고지
CL0000016773_june23_190,29,70보5603,남양차고지,15:09:02,15:09:02,16:00:57,18:49:53,0.0,51.916666666666664,168.93333333333334,220.85,08:00:00,19:00:00,10.0,550981.0,355887.0,126.72465339851374,37.19777056698373,127.15872307705416,37.4517818719507,남양차고지,
CL0000038180_june23_224,35,714머8664,봉담차고지,17:33:11,17:33:11,18:35:44,18:53:46,0.0,62.55,18.033333333333335,80.58333333333333,08:00:00,19:00:00,10.0,211126.0,553111.0,126.91683354289856,37.13116243041741,126.91643338445849,37.11874176516669,향남차고지,향남차고지
CL0000005159_june23_222,52,728루4755,남양차고지,17:25:03,17:25:03,17:32:19,19:07:02,0.0,7.266666666666667,94.71666666666667,101.98333333333333,08:00:00,19:00:00,10.0,604612.0,212317.0,126.82446190253827,37.2123705904726,126.94932997334728,37.21764165805308,남양차고지,봉담차고지
CL0000016540_june23_221,24,70보5607,동탄차고지,17:16:06,18:00:00,18:52:57,19:08:47,43.9,52.95,15.833333333333334,112.68333333333334,13:00:00,22:00:00,8.0,613071.0,587082.0,127.10751815943304,37.168539787314685,127.08128665903516,37.158906188810725,동탄차고지,
CL0000018177_june23_225,36,714머8663,동탄차고지,17:56:30,18:00:00,18:30:57,19:12:59,3.5,30.95,42.03333333333333,76.48333333333333,13:00:00,22:00:00,8.0,331148.0,329074.0,127.0796456964893,37.21713985119504,127.03199018325398,37.19009121362434,동탄차고지,
CL0000051247_june23_212,11,73두0178,향남차고지,16:18:24,16:29:12,17:28:02,19:25:30,10.8,58.833333333333336,117.46666666666667,187.1,10:00:00,19:00:00,8.0,562122.0,197976.0,127.08875135598824,37.18108802603432,126.86968289963886,37.29660270289766,동탄차고지,
CL0000016913_june23_219,37,714머8651,향남차고지,16:55:53,17:26:43,19:04:15,19:48:48,30.833333333333332,97.53333333333333,44.55,172.91666666666666,10:00:00,19:00:00,8.0,613494.0,329625.0,127.02774329596924,37.2776232734952,127.0612366388017,37.21708227788013,,동탄차고지
